"","cg07996485","cg16932304","cg06831038","cg13874979","cg24256991","cg01375651","cg02294411","cg12853539","cg09076877","cg25589803","cg04311964","cg09150064","cg26055435","cg11280964","cg08470320","cg14144850","cg23616741","cg14625770","cg14856606","cg13451048","cg00773696","cg01800148","cg08802981","cg16985117","cg26345401","cg07113350","cg11971077","cg17159550","cg27150954","cg13773306","cg01792229","cg24855045","cg07755528","cg14855519","cg14566231","cg07642754","cg24315042","cg00901585","cg19176661","cg00961932","cg09214323","cg01660407","cg05073607","cg12406559","cg09508356","cg13864645","cg20850582","cg15283292","cg23388097","cg06460600","cg17286854","cg06883149","cg15599642","cg13773631","cg22806431"
"PD4",0.9549135,0.8799479,0.7023342,0.9754263,0.131103,0.8950208,0.09295529,0.8507155,0.8888202,0.9191094,0.8560746,0.3680632,0.7610958,0.06162328,0.8433374,0.8989456,0.3174777,0.8516776,0.8106252,0.4716529,0.01418894,0.5906273,0.9591293,0.8985145,0.7590908,0.958623,0.01180008,0.7048597,0.6582522,0.5637039,0.9220572,0.7192514,0.7113648,0.1076166,0.8853524,0.8060838,0.8895532,0.8791152,0.8731778,0.3412869,0.7420451,0.6960334,0.7881176,0.01571886,0.6016691,0.8638603,0.03667463,0.9341864,0.9366302,0.8259491,0.888729,0.01442716,0.9152078,0.0686891,0.6947679
"PD39",0.9368379,0.9303341,0.7976248,0.9704161,0.1075108,0.9624808,0.09434009,0.7366003,0.9342847,0.8335982,0.922705,0.3501192,0.9244514,0.02594818,0.7842788,0.9103835,0.3094507,0.8406755,0.897321,0.4969135,0.0195404,0.6395342,0.9696249,0.8711159,0.7934868,0.9416839,0.01029386,0.6282004,0.5924597,0.6671649,0.9502992,0.7017131,0.5852027,0.2278419,0.8926522,0.7158122,0.8980584,0.8086482,0.923865,0.4275068,0.7572938,0.698128,0.8072368,0.02439325,0.6166048,0.8639569,0.02960694,0.9035824,0.9389352,0.8964521,0.8597576,0.02274599,0.9334839,0.09013756,0.6732175
"CTRL94",0.9299527,0.8926288,0.7631927,0.9745655,0.05082142,0.9707158,0.1193698,0.7475374,0.9516149,0.7947451,0.9314386,0.3429994,0.8792738,0.01910299,0.8441879,0.9066683,0.2513761,0.8626854,0.8064752,0.5073303,0.02047128,0.6322768,0.9561897,0.8237133,0.7040209,0.9427159,0.00787231,0.5149953,0.5345977,0.7498599,0.8793021,0.7286186,0.6716626,0.2459378,0.9015438,0.6686035,0.9131322,0.8867961,0.8883409,0.2889574,0.7128061,0.6554492,0.8089149,0.01689153,0.6959479,0.8536353,0.02011197,0.9492925,0.9550079,0.8600731,0.8829064,0.01708585,0.9537942,0.09528765,0.679899
"CTRL84",0.9340736,0.9033657,0.7948612,0.9589464,0.08353399,0.9589278,0.09370759,0.7227003,0.928607,0.874589,0.8697779,0.3163513,0.8388564,0.03521804,0.7463731,0.8554931,0.3060424,0.7993321,0.8675392,0.4527622,0.01736707,0.5052424,0.9470524,0.8830601,0.7675514,0.9099574,0.01143042,0.5574329,0.5747581,0.7690725,0.8816736,0.7013938,0.586203,0.2003657,0.9105343,0.6524165,0.9308736,0.8149185,0.8851887,0.2987658,0.773335,0.6663163,0.8687595,0.02119213,0.6611471,0.914337,0.02255921,0.9327947,0.9236511,0.8581308,0.8899659,0.01704092,0.9120921,0.09138318,0.6066766
"CTRL92",0.8791127,0.9212788,0.7911325,0.9691323,0.06154085,0.9753092,0.08660813,0.7263599,0.8476846,0.8187782,0.8906982,0.3536321,0.8930696,0.03560135,0.6798227,0.9273217,0.3144969,0.7859832,0.8503706,0.4049687,0.01925794,0.5489454,0.980861,0.8281599,0.7175247,0.8967389,0.006263177,0.5410787,0.5375554,0.7496901,0.9564413,0.6398776,0.5568256,0.2939001,0.8304968,0.6741623,0.8083877,0.8337535,0.9245522,0.3294707,0.6932847,0.661656,0.7807247,0.01797181,0.6925755,0.8014653,0.01872435,0.8949371,0.9148712,0.8048785,0.8577077,0.01102897,0.92828,0.07867035,0.5617728
"PD16",0.9402792,0.9289614,0.6782311,0.9680481,0.09268952,0.9309324,0.2170252,0.7819446,0.9416219,0.9261586,0.8740159,0.3794734,0.8690274,0.05753807,0.9059712,0.7801104,0.2973706,0.8077884,0.8966138,0.5143147,0.02472685,0.5266646,0.9753769,0.8711703,0.6849138,0.9493017,0.006106426,0.6199064,0.5421727,0.5053983,0.953965,0.7411499,0.6856136,0.210438,0.8863253,0.7946088,0.9353141,0.8437862,0.9109106,0.1484728,0.7934159,0.7006653,0.8561128,0.01643081,0.6530684,0.9196447,0.02292441,0.9440585,0.922671,0.8698504,0.9097495,0.03752138,0.9093766,0.07724459,0.7471986
"DLB7",0.966149,0.9165077,0.8085224,0.9729312,0.05520545,0.9653284,0.1752095,0.8789472,0.9126726,0.9348876,0.8573136,0.4619753,0.8548339,0.07842799,0.8841738,0.9366523,0.4012248,0.8693371,0.8836056,0.5311275,0.02007763,0.5478248,0.9634766,0.9221838,0.7462473,0.9393329,0.004401193,0.6643107,0.634659,0.6992508,0.9203743,0.8037251,0.6944286,0.1670469,0.9082788,0.8729764,0.8845507,0.8386501,0.9026082,0.2562679,0.7630392,0.7156827,0.848788,0.03102139,0.6217333,0.8739409,0.03084814,0.9353919,0.9398009,0.848609,0.8827135,0.009875935,0.9113371,0.09789732,0.7380396
"PD44",0.9319485,0.9243639,0.7716172,0.9695083,0.06303312,0.9599378,0.1538486,0.6719676,0.9153275,0.8947206,0.8959636,0.415428,0.8751045,0.01961025,0.8345209,0.8886073,0.3199818,0.835226,0.8910709,0.544483,0.03258246,0.5647706,0.9665002,0.8602524,0.7979946,0.9288407,0.009094543,0.6307862,0.6194688,0.6986915,0.9068709,0.7114078,0.6574689,0.2602521,0.8595026,0.7774739,0.8434793,0.829081,0.9482927,0.3410143,0.7754157,0.6638863,0.8403648,0.04827031,0.6428284,0.8787214,0.02696991,0.8885435,0.9343939,0.8229199,0.8488752,0.02048019,0.8643917,0.09218675,0.6666475
"PDD40",0.927554,0.9133057,0.7676048,0.9590704,0.07696733,0.9738607,0.09659237,0.697747,0.8834466,0.9298836,0.8643419,0.2815078,0.849902,0.03138191,0.7883254,0.9204944,0.2446987,0.7406245,0.7894832,0.4426901,0.0214716,0.4564502,0.9695738,0.8793175,0.6893642,0.9197027,0.01094912,0.5107806,0.5308794,0.7472072,0.9354404,0.6766094,0.5644443,0.2666522,0.8469395,0.6487935,0.85681,0.8312831,0.8858108,0.2705939,0.714701,0.6789177,0.7983673,0.01268175,0.6158996,0.8534394,0.02065061,0.9335313,0.9472218,0.8153484,0.8678299,0.02008868,0.8921572,0.1204993,0.6293777
"PD26",0.938511,0.9201986,0.7571415,0.9663177,0.1395516,0.9645795,0.1687608,0.8166153,0.879683,0.8974026,0.8484243,0.3471134,0.8771835,0.02312383,0.8530383,0.9417694,0.2891114,0.8326308,0.8649975,0.5026,0.0241899,0.5170621,0.9461767,0.8770129,0.7472018,0.9357233,0.02554616,0.5942617,0.4780874,0.6359446,0.957623,0.7398514,0.5808228,0.1625239,0.8752186,0.7344728,0.883707,0.8441341,0.8802884,0.2021311,0.7938729,0.6905769,0.8991495,0.006804948,0.6624911,0.8221261,0.01990531,0.9048678,0.960775,0.8215878,0.8794681,0.0190508,0.9529277,0.08786757,0.6941976
"CTRL30",0.9386749,0.8518738,0.7079103,0.957691,0.06290457,0.922559,0.1434249,0.6642539,0.8961544,0.8440208,0.8389698,0.3512107,0.7849005,0.03893785,0.7618475,0.9686049,0.3433592,0.829775,0.7753825,0.4405993,0.009450422,0.4392793,0.9715658,0.7904981,0.618758,0.9120512,0.01153942,0.5632649,0.5321882,0.6229727,0.8354907,0.6878786,0.5687342,0.2427717,0.8597118,0.6278133,0.8107569,0.7218587,0.8976933,0.2629851,0.6760658,0.66171,0.809594,0.00132346,0.6063621,0.83499,0.02165162,0.9069885,0.916657,0.8377377,0.8209883,0.01347459,0.9165189,0.09255999,0.5974963
"PDD19",0.9643983,0.8727253,0.8178634,0.9750617,0.136374,0.9162928,0.08046577,0.8147317,0.937905,0.9170286,0.9009552,0.3634954,0.8869799,0.0416656,0.8859205,0.8482877,0.3327948,0.7623769,0.8410431,0.6294811,0.02807475,0.6043595,0.9783936,0.873982,0.7764012,0.9671028,0.01676687,0.7080934,0.5707966,0.7116043,0.9440721,0.7769606,0.7200628,0.2189132,0.8903507,0.7862767,0.9320854,0.8790375,0.8622991,0.3532688,0.8034628,0.7345137,0.8286201,0.04205187,0.7045158,0.8689552,0.0218629,0.9525582,0.933392,0.8936809,0.9070441,0.02177711,0.9249271,0.08757572,0.7803289
"CTRL21",0.9200769,0.8555078,0.7555918,0.9452967,0.07455708,0.9280925,0.09891482,0.605851,0.941136,0.8798392,0.9118344,0.3730473,0.8639991,0.03536849,0.751273,0.9355757,0.4111414,0.7504153,0.8361433,0.4343814,0.02483769,0.5133198,0.946904,0.9030333,0.6282555,0.9333776,0.008773014,0.5141335,0.5592308,0.7038512,0.9222451,0.6803448,0.5377909,0.2358683,0.8628517,0.6299584,0.8698494,0.8044953,0.8686969,0.3493628,0.7596383,0.6600287,0.7753883,0.01146296,0.6112216,0.8458589,0.01826062,0.8680476,0.9157625,0.8871164,0.8912542,0.01514289,0.8476738,0.123862,0.5914587
"CTRL56",0.9484268,0.8862002,0.6897995,0.9808658,0.1139704,0.9093903,0.0611425,0.8773801,0.8510454,0.9148018,0.8953223,0.3286509,0.7384079,0.03903132,0.8317397,0.9131693,0.2736629,0.8975073,0.8330513,0.4289518,0.0215502,0.6923896,0.9492075,0.8593389,0.6323395,0.9451799,0.01536847,0.5445284,0.6851522,0.5560482,0.9501373,0.7830093,0.5073857,0.1652046,0.9117659,0.8343746,0.8957886,0.6884141,0.8668539,0.2365154,0.6674667,0.7121117,0.8327945,0.02588082,0.5654679,0.8906075,0.02645404,0.8833712,0.9291071,0.7797697,0.8941316,0.02724504,0.7416619,0.09015907,0.6869362
"DLB32",0.9580819,0.8680813,0.7147627,0.9666083,0.06443364,0.9666512,0.08198426,0.6894537,0.8984904,0.8232968,0.8130159,0.3793831,0.8073549,0.03010609,0.7036415,0.8908687,0.310091,0.7135601,0.7494909,0.4184672,0.01858869,0.4006996,0.9768334,0.8174027,0.702366,0.9196351,0.007055532,0.4532992,0.50796,0.5542359,0.9201016,0.622358,0.5571034,0.2004705,0.8347502,0.5566089,0.8198765,0.8180212,0.9025539,0.2224275,0.7176904,0.6767661,0.7403629,0.01152711,0.6115535,0.8902125,0.02538785,0.9146815,0.9207013,0.806806,0.8448447,0.01350309,0.889953,0.06068088,0.5722959
"PD64",0.9323653,0.9227737,0.7996838,0.9668746,0.07828267,0.971622,0.1325923,0.7771717,0.9192144,0.8478514,0.9076281,0.4856207,0.8447211,0.02948894,0.7764438,0.8983211,0.4256893,0.7851356,0.8544049,0.5026564,0.03214204,0.5502557,0.9819231,0.8818819,0.8244613,0.9172788,0.007490797,0.6044565,0.6153639,0.7356927,0.9578136,0.6901082,0.6149833,0.1602489,0.8975475,0.690823,0.9109781,0.8616854,0.8972739,0.3710727,0.7698089,0.6290055,0.7815666,0.01775284,0.608908,0.8802359,0.02049575,0.934653,0.9513934,0.8963782,0.8949996,0.01812032,0.9072582,0.09150408,0.7089821
"CTRL25",0.9272227,0.9541854,0.7588773,0.9634921,0.05277989,0.9570848,0.1254984,0.8885654,0.8712547,0.873514,0.8582777,0.4671992,0.8288526,0.03034734,0.7992931,0.9542854,0.2563093,0.8451992,0.8566304,0.4346387,0.02546689,0.3843123,0.9774817,0.8508209,0.7282745,0.9310126,0.004358209,0.5817831,0.5465181,0.7185137,0.9186394,0.7038124,0.5908351,0.1997903,0.8234946,0.7396217,0.8490243,0.839922,0.9526457,0.2394549,0.6474423,0.7069636,0.7856309,0.005234914,0.6352574,0.8163846,0.02744603,0.9013177,0.8973557,0.7917156,0.8027106,0.01466863,0.8688327,0.09085345,0.6409637
"DLB9",0.9491186,0.9375105,0.820134,0.9823612,0.1376117,0.9543888,0.1870312,0.835065,0.9641368,0.8973317,0.8398982,0.2939605,0.8885308,0.02955046,0.852137,0.906197,0.3767511,0.8578481,0.8766239,0.5966847,0.01710817,0.6978118,0.9738592,0.8479108,0.7565049,0.9368539,0.007933709,0.6276844,0.5960087,0.7463954,0.9157176,0.7948616,0.64355,0.2694271,0.8519577,0.8665508,0.9064398,0.9015058,0.9325934,0.3415576,0.8104674,0.7193627,0.846695,0.008250324,0.6272514,0.9117277,0.03332716,0.9322029,0.9411015,0.86241,0.9207312,0.01994043,0.941315,0.1113159,0.7051671
"PD53",0.9144119,0.9254071,0.7815354,0.9750401,0.09662921,0.9781221,0.1236495,0.7256969,0.8845427,0.8994861,0.8571141,0.3443618,0.8422682,0.02186221,0.7921024,0.9341831,0.3778674,0.764574,0.8307553,0.5105188,0.01864463,0.5036094,0.953577,0.8457794,0.7126452,0.9177124,0.002402258,0.6137776,0.6010661,0.7624587,0.9213811,0.6747805,0.6127632,0.1694166,0.8896224,0.6911179,0.8976194,0.8179453,0.939589,0.2452069,0.7398936,0.6756285,0.8052058,0.008867059,0.6091599,0.8570669,0.01676307,0.9167609,0.9373532,0.8139656,0.9187152,0.02006185,0.9409853,0.05309754,0.6722216
"PDD72",0.9522482,0.9548882,0.7523803,0.9707888,0.1121201,0.9581117,0.05126326,0.668206,0.9507755,0.8411562,0.8891572,0.4356054,0.8231167,0.01504936,0.8174644,0.9002168,0.2571722,0.869169,0.8506073,0.4687205,0.02622296,0.2610056,0.9675377,0.8947156,0.7434254,0.9336881,0.008790072,0.4935409,0.5251321,0.6279183,0.9580858,0.6453468,0.5527074,0.1969334,0.8720521,0.6217512,0.9028673,0.8417782,0.9458319,0.3680847,0.7775002,0.5588792,0.7840134,0.01533762,0.7169975,0.8572324,0.02019548,0.9362654,0.9424263,0.8538476,0.8222081,0.01078185,0.9313527,0.121669,0.6381968
"CTRL34",0.957864,0.8978236,0.7092357,0.9712031,0.07482015,0.9463626,0.03735261,0.7877026,0.9230906,0.9273316,0.9040996,0.361148,0.8493558,0.03342072,0.8875586,0.8819057,0.2770297,0.8147505,0.8001564,0.5144717,0.02181851,0.586696,0.9665292,0.9188337,0.6741078,0.9254062,0.01314874,0.5310375,0.5972635,0.4668498,0.9466464,0.7875311,0.6211621,0.1069108,0.9277764,0.8108212,0.8730774,0.8989296,0.8473559,0.2880438,0.7718506,0.7164747,0.8418243,0.0152331,0.7754039,0.8977296,0.02532426,0.9211036,0.9429182,0.8750673,0.9160023,0.01166634,0.8501087,0.09224938,0.7512615
"PDD11",0.9320259,0.8854951,0.7561824,0.9668317,0.1195557,0.919399,0.1393817,0.7829317,0.896722,0.9163,0.8736531,0.3584031,0.8125982,0.04509714,0.8056567,0.8884413,0.3043231,0.7952161,0.863823,0.5271487,0.02590723,0.5756212,0.9630719,0.8964764,0.6474319,0.9496271,0.01492416,0.7098522,0.5665281,0.6628249,0.9082885,0.7493968,0.7276152,0.1583666,0.8860667,0.7918141,0.8850227,0.8087499,0.8950276,0.3152644,0.7229258,0.6961111,0.8143927,0.04399505,0.5876897,0.8552358,0.02058174,0.9058328,0.915065,0.8630507,0.8657647,0.03485876,0.9234274,0.0732162,0.7331765
"CTRL52",0.9397363,0.8983234,0.7684501,0.9705727,0.09999838,0.9746152,0.06655508,0.7867969,0.9048943,0.8285993,0.9193427,0.4366684,0.8778865,0.03822181,0.770826,0.8747696,0.3484738,0.8217406,0.8641072,0.4767864,0.009405906,0.4881152,0.96983,0.9138153,0.7408877,0.9374035,0.009492516,0.5707758,0.5692753,0.7603409,0.9591831,0.7310663,0.5478173,0.234578,0.881204,0.6573548,0.8607159,0.82191,0.9035043,0.4055558,0.7458276,0.6423184,0.8014448,0.005193212,0.6662004,0.848223,0.01789577,0.9225338,0.9293804,0.8732491,0.9269838,0.01139827,0.9078582,0.09721428,0.6820609
"PDD59",0.9359669,0.9504369,0.8198422,0.9683944,0.1041374,0.9800174,0.1330066,0.756347,0.9175693,0.8296154,0.8983025,0.4584173,0.9103659,0.02794811,0.7834414,0.9211834,0.4006218,0.7952726,0.8520149,0.5768279,0.03181849,0.5766041,0.9481686,0.8687882,0.714058,0.9173196,0.007004598,0.675601,0.5714775,0.7001121,0.939206,0.688017,0.6130312,0.170309,0.8743678,0.7401193,0.8700412,0.8479842,0.8740844,0.3928987,0.8166213,0.6371806,0.7623155,0.01548247,0.6168861,0.906707,0.03663999,0.9051353,0.9256918,0.8835803,0.8401229,0.01737267,0.9373386,0.127363,0.6651339
"PDD62",0.8918013,0.9479542,0.7537827,0.961495,0.1307997,0.933248,0.04994885,0.6380179,0.9246142,0.8167705,0.9049586,0.3988835,0.8820738,0.01573759,0.7696747,0.9247319,0.2706111,0.7709565,0.8946066,0.4896778,0.008800158,0.5433775,0.9548078,0.8905974,0.7564544,0.9404312,0.01038993,0.5085385,0.5605973,0.741743,0.9490023,0.6560557,0.5486437,0.1759269,0.8883063,0.6644471,0.9007213,0.8393656,0.897655,0.2884367,0.7240739,0.6207621,0.7481804,0.007381737,0.6249528,0.9195092,0.02500815,0.9232258,0.9516623,0.8682956,0.9039765,0.01143583,0.9306071,0.0827392,0.5902571
"DLB30",0.9496262,0.9063898,0.6010282,0.9636015,0.057143,0.9408721,0.2044324,0.7809708,0.8628772,0.8780512,0.8622365,0.2409078,0.7544303,0.04833061,0.8417869,0.9277146,0.2645609,0.733773,0.8509144,0.4193266,0.03092784,0.4039163,0.9433735,0.7975562,0.6582926,0.9053262,0.006861705,0.5956121,0.5235198,0.5620969,0.9131145,0.644428,0.6367907,0.1596514,0.8572601,0.8098412,0.8750105,0.6873609,0.9024561,0.09763674,0.723578,0.731042,0.8587933,0.02473192,0.6415211,0.8588141,0.02152953,0.8758226,0.9260211,0.8206497,0.8828942,0.01641192,0.9374734,0.08902184,0.6993918
"DLB39",0.9196568,0.9105438,0.8182725,0.9728923,0.07367909,0.9604657,0.02934619,0.772936,0.8462315,0.7955558,0.8234853,0.2156029,0.9534049,0.04424169,0.8073147,0.8842815,0.296106,0.8370671,0.8048962,0.6439955,0.03123578,0.6903097,0.9587317,0.8603317,0.7324258,0.8905897,0.005207655,0.6500231,0.4278327,0.4715767,0.8810681,0.6710375,0.6862879,0.3337441,0.8606995,0.7723547,0.7776406,0.8939176,0.8929157,0.4006112,0.835562,0.7548524,0.8721273,0.03577555,0.635197,0.9026042,0.02484989,0.9589361,0.9384496,0.9073235,0.8347869,0.01601638,0.9717057,0.09195469,0.7418196
"PDD9",0.9604658,0.8943373,0.7513974,0.9584291,0.1208961,0.934676,0.04746447,0.6712967,0.9315338,0.9138259,0.8427928,0.4190465,0.8689101,0.02853935,0.7957986,0.8672642,0.4013849,0.7910257,0.762393,0.5556312,0.02279475,0.4336078,0.9536845,0.8601556,0.746688,0.9337006,0.008887381,0.6524529,0.6002797,0.5866307,0.9561234,0.7849352,0.6213309,0.1857923,0.902204,0.8216202,0.8537534,0.8442908,0.900674,0.3589412,0.7914237,0.6724614,0.8405795,0.02199625,0.738424,0.8765781,0.03022807,0.9112221,0.924255,0.9147818,0.8940336,0.0273196,0.888743,0.09092706,0.7967998
"PDD56",0.9459146,0.9257628,0.7949412,0.9627693,0.1086868,0.9823544,0.09463531,0.7745793,0.9119425,0.8865489,0.9203949,0.4545473,0.8547652,0.03951621,0.8439485,0.9498703,0.4277951,0.8765687,0.8484773,0.5547222,0.01480055,0.5866897,0.9659444,0.8857304,0.7495785,0.9447199,0.007827207,0.6498232,0.6245238,0.7089544,0.9546141,0.7696705,0.5503557,0.171488,0.9088112,0.76903,0.8599731,0.8799755,0.9142267,0.293939,0.7997423,0.6648312,0.8701534,0.01368257,0.6362022,0.8647974,0.02316587,0.901622,0.9424583,0.8968904,0.9339624,0.02450277,0.867013,0.1178272,0.7284795
"PDD32",0.9636179,0.9109761,0.7438123,0.9860762,0.07200834,0.9084807,0.07437395,0.7950599,0.9273658,0.95097,0.922579,0.3925167,0.9307795,0.02222792,0.828942,0.8742109,0.3128352,0.8611298,0.8204109,0.5100593,0.01300623,0.6402715,0.9600826,0.915311,0.8089521,0.9357272,0.003954034,0.5791142,0.513606,0.6082174,0.9138795,0.7467565,0.6371257,0.1532778,0.9047259,0.66227,0.8696806,0.8537817,0.8730585,0.3602048,0.8037833,0.6301934,0.7611791,0.00848431,0.6158892,0.8657235,0.02388991,0.9364007,0.9434851,0.9336383,0.8658458,0.01694114,0.9746316,0.08437461,0.6620084
"CTRL38",0.9428975,0.9173093,0.7213422,0.9674026,0.0601545,0.9664214,0.1893432,0.7821089,0.8876803,0.9063087,0.9017088,0.4236125,0.8391642,0.04430127,0.8349283,0.9614644,0.2793898,0.8743168,0.9120461,0.4618524,0.02598179,0.5142535,0.9797588,0.9076718,0.6863657,0.9492627,0.005299388,0.6042713,0.6247489,0.8002269,0.9592886,0.7414988,0.6207894,0.1876422,0.9024832,0.8033796,0.9030146,0.8948757,0.898424,0.3976511,0.7453129,0.6800918,0.8721881,0.01502835,0.6178209,0.9024509,0.03335961,0.9321519,0.9406442,0.8453857,0.8736996,0.007038945,0.901274,0.09882814,0.701621
"CTRL70",0.9414439,0.9270074,0.8430923,0.9392711,0.08074591,0.8997253,0.09760098,0.7434571,0.973013,0.8560612,0.954839,0.3943643,0.9301831,0.03200332,0.7226517,0.89473,0.2625457,0.8125011,0.7771038,0.4977306,0.01880141,0.4568197,0.9690036,0.8723579,0.7570482,0.9312093,0.004525994,0.4598455,0.5139265,0.6701917,0.9652116,0.6414864,0.527918,0.1297125,0.8647308,0.6385828,0.8443826,0.836462,0.8810152,0.2512911,0.6918633,0.6636419,0.7027305,0.01168186,0.6720224,0.8644024,0.01507226,0.9199639,0.975409,0.884458,0.9570841,0.007695492,0.9397392,0.06005059,0.595898
"CTRL14",0.9303834,0.9342444,0.6934393,0.956779,0.06270465,0.9600104,0.15182,0.7199573,0.9102544,0.7898138,0.9099655,0.376521,0.8094545,0.03071005,0.7233311,0.9578139,0.2831132,0.7526201,0.9017459,0.4023488,0.007909864,0.4454336,0.9534222,0.8792809,0.7009815,0.9126315,0.00533847,0.4360152,0.5845038,0.5340448,0.9622698,0.6906895,0.5635923,0.1422806,0.8598941,0.6543712,0.8935615,0.8590155,0.9093775,0.2806832,0.7680178,0.635417,0.7300453,0.01115799,0.6672634,0.7942096,0.01980117,0.9129536,0.9188341,0.3535168,0.9238295,0.01051782,0.8777772,0.07536884,0.563872
"PD12",0.9524091,0.9421744,0.8001247,0.9854124,0.04978864,0.954548,0.05270634,0.7362879,0.9288462,0.8808829,0.9147768,0.4045502,0.8863612,0.03638714,0.825384,0.9301842,0.2229857,0.7626812,0.8747937,0.5311246,0.02059236,0.4892609,0.9785354,0.9141605,0.7244635,0.9543438,0.006114427,0.6164223,0.627082,0.6714845,0.8999162,0.7435941,0.5692609,0.2235065,0.8859302,0.731805,0.9005647,0.8666391,0.8998362,0.3516225,0.738608,0.6919655,0.8412108,0.007318491,0.5819304,0.9271536,0.02897662,0.9346446,0.9323181,0.9062936,0.887084,0.01960738,0.9116419,0.0769683,0.6634329
"PD7",0.9336865,0.9126373,0.6763007,0.9727328,0.08884058,0.9181132,0.115225,0.8429346,0.8970168,0.9181505,0.9092407,0.3421593,0.9006106,0.07095864,0.8706831,0.9076562,0.2931304,0.874242,0.7605298,0.5792564,0.01859738,0.5345009,0.9590481,0.9007186,0.6655878,0.9460211,0.01122112,0.7325963,0.4922183,0.7151697,0.939904,0.7871183,0.7666995,0.2951214,0.9072328,0.7002007,0.8699773,0.853712,0.9074675,0.3678549,0.8381063,0.730172,0.8711575,0.03451547,0.5753072,0.9147445,0.03152208,0.9089379,0.8929711,0.8822303,0.8535511,0.02398998,0.9190767,0.07953039,0.7768013
"PDD68",0.939918,0.9277783,0.7815959,0.9681425,0.03966779,0.9819998,0.0889647,0.597908,0.9565,0.8296403,0.9412677,0.3907754,0.9088792,0.02766828,0.780818,0.9195118,0.4174224,0.8137478,0.8620597,0.5496747,0.01321771,0.5698544,0.9929372,0.8800153,0.7918222,0.9350765,0.005522935,0.5765481,0.6277681,0.8042716,0.9696494,0.7009089,0.5578812,0.176826,0.8871665,0.70476,0.8834163,0.8441016,0.9079227,0.3088926,0.7857015,0.6610245,0.7677669,0.002871814,0.7194589,0.8731588,0.02146314,0.9298596,0.97003,0.9241681,0.9016497,0.006596676,0.9448005,0.09139009,0.6341801
"PDD52",0.9335217,0.862609,0.629189,0.9766836,0.04153371,0.9367965,0.09398446,0.7696395,0.894828,0.7916562,0.8479248,0.2999678,0.8318789,0.03150413,0.8108845,0.9002772,0.2356085,0.7041142,0.8270843,0.4070034,0.02088497,0.5618458,0.965648,0.8455789,0.654974,0.9113984,0.006732862,0.5161201,0.5228537,0.5600122,0.863323,0.6293273,0.5668691,0.1807607,0.8322683,0.6292055,0.7911461,0.7312225,0.8613042,0.2692674,0.6306514,0.6913104,0.7716199,0.00979396,0.5999328,0.8558789,0.02800065,0.8633405,0.9485222,0.8098238,0.7499396,0.02367227,0.8434777,0.08932005,0.6115373
"PD28",0.9270036,0.9071056,0.7611887,0.9652991,0.08461099,0.9412221,0.09480114,0.823536,0.8787177,0.9047169,0.8788586,0.5330402,0.806472,0.0309709,0.8525813,0.9215725,0.3157206,0.8943569,0.9029566,0.5589477,0.02146206,0.4778347,0.9773954,0.8472828,0.8031807,0.9289894,0.007915408,0.6148326,0.6397755,0.6562529,0.9234839,0.7276699,0.6602969,0.1128819,0.8824348,0.8043023,0.852489,0.8628637,0.9249134,0.2751005,0.7499872,0.717036,0.8016126,0.02780344,0.6651611,0.8922943,0.02739415,0.906026,0.9326841,0.8627737,0.8848482,0.013569,0.8778542,0.08683553,0.6477355
"CTRL27",0.9123284,0.8948457,0.7375929,0.9306743,0.08017081,0.9701274,0.1505569,0.7019391,0.8822291,0.8169858,0.803604,0.2490645,0.9333821,0.02164313,0.8077634,0.9540768,0.2457074,0.8612899,0.8513278,0.4903567,0.03293007,0.4918812,0.9715089,0.8269603,0.7173422,0.8915428,0.00776972,0.595046,0.5363624,0.4914044,0.9358474,0.6460154,0.6137343,0.2093023,0.8258114,0.6874668,0.9048796,0.8111126,0.8245705,0.2847658,0.7197928,0.6916004,0.8132096,0.01513306,0.6470997,0.7834425,0.01916415,0.8720866,0.9161217,0.7386386,0.8470961,0.01257968,0.919859,0.1042766,0.7296929
"PDD18",0.9377179,0.9088036,0.6802467,0.9491954,0.1311378,0.8846362,0.1557483,0.7682685,0.8621209,0.8925323,0.8885795,0.2889833,0.8296635,0.03432004,0.8631364,0.8996458,0.36461,0.8438654,0.8136155,0.4992513,0.03204619,0.4491196,0.9185712,0.9229255,0.6768416,0.8869797,0.01929985,0.6092938,0.5864188,0.5403585,0.9249046,0.7580221,0.7124643,0.126312,0.9014407,0.7109819,0.9083408,0.8535789,0.9208064,0.2990075,0.7602162,0.6973011,0.821517,0.04553324,0.66894,0.8745513,0.02409238,0.9442165,0.9241286,0.8895287,0.8659578,0.02927801,0.8901366,0.07280212,0.7004196
"PD22",0.9479112,0.9404531,0.8764706,0.9492469,0.07478934,0.9392731,0.02007537,0.7998708,0.8969209,0.935621,0.9259394,0.346208,0.8301067,0.06849405,0.9256739,0.8498984,0.2252,0.8000647,0.8137152,0.487515,0.01289904,0.3473334,0.9752681,0.8821173,0.7403667,0.9461127,0.008908816,0.7182654,0.632393,0.4640655,0.9540665,0.6776563,0.6169172,0.1394919,0.8302515,0.6887307,0.8895516,0.920287,0.9175853,0.3041578,0.8465071,0.6912147,0.803751,0.01176972,0.610678,0.913278,0.02629548,0.9187928,0.9504408,0.8884242,0.9077179,0.03646944,0.9530238,0.09920926,0.5187292
"PD43",0.9235439,0.8960523,0.8381865,0.9713178,0.1510068,0.9664239,0.1591185,0.7284428,0.913466,0.8383758,0.9018447,0.4333184,0.9543383,0.02343483,0.7802185,0.9343555,0.4014041,0.8907704,0.8420515,0.5343362,0.02676148,0.572192,0.9660924,0.8737386,0.7472994,0.9437423,0.005099123,0.6253233,0.6042149,0.7896434,0.9461476,0.6932663,0.6114759,0.2287405,0.8837914,0.643693,0.8485399,0.849865,0.9126247,0.3948924,0.8200779,0.6533952,0.7954571,0.02909053,0.6664356,0.8596429,0.02434827,0.9322483,0.9500597,0.8968855,0.8431537,0.01686845,0.9303019,0.08835404,0.7191797
"PDD63",0.9335094,0.8874726,0.8682715,0.9818361,0.1521342,0.9679105,0.07962622,0.798819,0.94617,0.8814329,0.8216617,0.3005071,0.9465215,0.05411142,0.8121888,0.9647915,0.3003075,0.7479556,0.8361135,0.5526047,0.008638352,0.5983113,0.9738935,0.8899207,0.7591271,0.9056452,0.006160046,0.6410791,0.4873448,0.8657922,0.7922691,0.7227149,0.6630283,0.3067444,0.8741079,0.7592736,0.7747951,0.8467925,0.8931175,0.3052941,0.863042,0.6773902,0.8154826,0.01388506,0.6839069,0.9323432,0.02288573,0.9570186,0.9646168,0.8698217,0.9301147,0.008437653,0.9404379,0.07526995,0.68264
"PDD71",0.9216749,0.9014554,0.8266834,0.9649987,0.0987227,0.9671559,0.05588626,0.6752682,0.9340982,0.8070252,0.8778729,0.3787293,0.8593389,0.02801577,0.7751652,0.8618779,0.3835442,0.8622739,0.8581018,0.474963,0.022215,0.4943416,0.9494813,0.9228232,0.7610462,0.9379242,0.001408709,0.5872707,0.5650248,0.7459159,0.9365861,0.6585482,0.5001459,0.1496674,0.9010451,0.7027689,0.8666259,0.8778653,0.9088243,0.2577055,0.7581441,0.6108363,0.6695367,0.01261757,0.6952566,0.8813324,0.02513359,0.911603,0.9540001,0.8809278,0.885602,0.01982975,0.9068146,0.1178814,0.6566948
"PDD42",0.917552,0.9077833,0.7636094,0.9550637,0.04101475,0.9736568,0.08947876,0.7845532,0.9248031,0.8894706,0.8341278,0.220267,0.8144901,0.03086847,0.8200016,0.9294536,0.2953537,0.8358822,0.8760632,0.4817868,0.03171204,0.5829222,0.9627892,0.8061683,0.7318174,0.9344861,0.002611283,0.540653,0.5132511,0.6617331,0.9160704,0.6622962,0.5730346,0.2270425,0.8830578,0.7567287,0.8545664,0.8025067,0.8964616,0.2460212,0.7775305,0.693558,0.7435309,0.007017633,0.6406112,0.9273574,0.02232925,0.9168875,0.9237703,0.8283906,0.860895,0.02053549,0.9091701,0.05790129,0.5874921
"PDD14",0.9520793,0.9196747,0.8336692,0.9713973,0.08974293,0.9133899,0.09323217,0.7706783,0.9329119,0.8288962,0.9170703,0.459119,0.7977281,0.04041643,0.8090111,0.8803651,0.3742796,0.8072095,0.8240894,0.5236778,0.02222222,0.5620832,0.9297147,0.9126474,0.7209129,0.9475751,0.01362502,0.49083,0.5924603,0.5597696,0.9265089,0.6931087,0.5388867,0.1749452,0.9294378,0.7133898,0.8667821,0.8579795,0.8791384,0.290456,0.885331,0.6555766,0.7996631,0.02039975,0.650322,0.9070145,0.03763355,0.9237676,0.9283732,0.8975766,0.8935968,0.02755645,0.9277951,0.08646085,0.7352245
"PD63",0.8945092,0.8880472,0.6784577,0.9544643,0.05235326,0.9467019,0.05595612,0.711741,0.8896179,0.8327936,0.8268218,0.327488,0.7532847,0.01992267,0.7624269,0.8928462,0.3208689,0.7027619,0.8101404,0.39877,0.02803444,0.433464,0.9601852,0.7996643,0.6608239,0.8954623,0.002999745,0.5132887,0.5153801,0.5237298,0.9275944,0.6069088,0.5184499,0.306801,0.8716501,0.4786449,0.8092626,0.7797207,0.8535543,0.333572,0.7263553,0.6242695,0.6694101,0.007383585,0.6633452,0.862077,0.0355847,0.9205551,0.911824,0.8140038,0.8089806,0.01545659,0.8753223,0.1152571,0.5776497
"CTRL45",0.9519339,0.9050424,0.6745054,0.9627574,0.1742048,0.9203504,0.1081565,0.7770618,0.9261509,0.8784974,0.9024147,0.4299703,0.8934035,0.06176813,0.8354961,0.8056326,0.2905002,0.8375824,0.8505768,0.5019941,0.02279029,0.480023,0.9719273,0.9114814,0.6932278,0.9383514,0.01170403,0.6248053,0.5576154,0.5666641,0.96193,0.7396375,0.6697934,0.1454737,0.9098779,0.7852045,0.8733396,0.8924808,0.865507,0.3532782,0.7544183,0.658781,0.806647,0.01739026,0.6201078,0.8669277,0.02809215,0.9338204,0.9350937,0.8614947,0.9154851,0.02387333,0.9174031,0.09762514,0.7123105
"CTRL96",0.9514642,0.9656643,0.8940252,0.9821634,0.1104899,0.9692811,0.06139407,0.8268699,0.9294918,0.9685243,0.8941032,0.3153821,0.9421519,0.07156708,0.8621856,0.9314943,0.3518482,0.8622443,0.8298446,0.6748541,0.01789859,0.661416,0.986553,0.9153044,0.8322043,0.9188066,0.004489338,0.6825976,0.5458149,0.7142806,0.8526428,0.7519539,0.7884584,0.2848763,0.9056638,0.7280339,0.8602009,0.9375798,0.9189706,0.4712499,0.8875432,0.7649953,0.8856567,0.006574878,0.6950412,0.8976164,0.02773369,0.9528458,0.9472773,0.928792,0.921627,0.009185093,0.9644755,0.1120222,0.80799
"PDD3",0.9273221,0.829688,0.6679774,0.9646024,0.1346746,0.9203838,0.1714608,0.7094292,0.908801,0.9106793,0.8722127,0.1889926,0.8397747,0.04062395,0.8682459,0.8109223,0.2406856,0.7598326,0.7580805,0.5211373,0.01952085,0.5853633,0.9438228,0.9061195,0.6736464,0.9468505,0.01372477,0.6733907,0.5950973,0.4665691,0.9652439,0.7022231,0.6140416,0.2022632,0.8806675,0.831668,0.9280727,0.9155752,0.8802219,0.2761727,0.75681,0.6777431,0.863824,0.04123087,0.6388737,0.892869,0.02861475,0.9425739,0.9331991,0.8277011,0.875477,0.01914418,0.9024695,0.07048647,0.7340485
"PD46",0.8885059,0.9120218,0.6702282,0.9635503,0.06402137,0.9453755,0.1166198,0.7759265,0.8918417,0.9067214,0.8208015,0.3477376,0.8839605,0.04556145,0.8326374,0.8873707,0.2563812,0.7772721,0.8591544,0.5131877,0.03463203,0.5132303,0.9723553,0.8742282,0.7172896,0.9293491,0.01224779,0.5901301,0.5341065,0.57077,0.905443,0.7014786,0.5677167,0.251912,0.894809,0.6838383,0.8362916,0.8323469,0.9134084,0.2631367,0.7243009,0.6776976,0.768114,0.02311324,0.6966867,0.8024337,0.02573455,0.8800664,0.9074291,0.9151642,0.868348,0.01798202,0.9235136,0.07224041,0.7132815
"PD10",0.937305,0.8751382,0.7925209,0.975298,0.08493493,0.9442294,0.1001317,0.7650663,0.901025,0.9246107,0.8738658,0.3265272,0.7425535,0.03133143,0.81834,0.8689599,0.3360795,0.8443275,0.8021048,0.4233296,0.02663578,0.3273793,0.949876,0.8793646,0.7600848,0.9072366,0.007728948,0.6209138,0.5591474,0.5613531,0.9006796,0.8007224,0.4638184,0.1487994,0.9037219,0.7193091,0.9046493,0.8825527,0.8888415,0.2542257,0.7169058,0.690623,0.792783,0.02436522,0.6193445,0.8172716,0.04468741,0.930872,0.942975,0.8556424,0.8808905,0.02340054,0.8811095,0.07426895,0.6332566
"CTRL69",0.9417853,0.9267093,0.8650099,0.9821648,0.118567,0.9691027,0.08583152,0.8129015,0.9370897,0.7905044,0.9334046,0.3143986,0.9395399,0.02169613,0.7219104,0.9422577,0.2760862,0.7320876,0.8094956,0.4771226,0.01067154,0.4852927,0.9623273,0.8573348,0.6172842,0.9366391,0.002469918,0.5885844,0.5797567,0.660796,0.9489879,0.672682,0.5706276,0.2252719,0.8734929,0.7628207,0.8115376,0.8500436,0.8357671,0.386927,0.7247506,0.6868062,0.8716097,0.007076042,0.7851626,0.8637935,0.0250625,0.9311398,0.964052,0.884288,0.8777667,0.01423785,0.9366042,0.06679116,0.6454965
"PD24",0.9659442,0.9252433,0.8248732,0.9577115,0.09506332,0.913551,0.1036138,0.868381,0.9596791,0.896587,0.8801649,0.3032353,0.9462127,0.01699073,0.9069958,0.7957138,0.3335755,0.8084495,0.8447275,0.4942871,0.01655095,0.5129242,0.9644757,0.8998262,0.7655787,0.9503765,0.004849442,0.6330865,0.5698698,0.7059471,0.9676135,0.8080336,0.7002508,0.1677766,0.8759804,0.7401529,0.9283242,0.9281092,0.9229718,0.3813714,0.7132828,0.6912007,0.7786249,0.007440732,0.5305753,0.823318,0.01999086,0.9313714,0.9440435,0.9111147,0.9041775,0.0149595,0.9631502,0.06506175,0.6214309
"CTRL31",0.9329112,0.9172986,0.7073377,0.9730782,0.08093448,0.9397222,0.1960679,0.7954588,0.8626221,0.8542041,0.8906539,0.3795324,0.8072673,0.03463049,0.8522018,0.9093715,0.2614549,0.9007627,0.8573581,0.5359761,0.02341691,0.6342432,0.9825543,0.8543149,0.731915,0.9545542,0.004602099,0.7007214,0.6555862,0.6015331,0.9134772,0.793211,0.7308093,0.212576,0.8768911,0.8552002,0.8409194,0.8053359,0.8468419,0.1420414,0.7383849,0.6836355,0.8326766,0.01442915,0.6227056,0.8914736,0.04369088,0.8994576,0.9419785,0.886662,0.8864709,0.01597931,0.8752002,0.06444432,0.7981321
"CTRL72",0.9244617,0.8380976,0.7738198,0.9771646,0.0968135,0.9106977,0.1001633,0.7136963,0.9247519,0.8336291,0.8880102,0.2743569,0.9101922,0.05022863,0.793913,0.8813408,0.3351342,0.8144796,0.8280543,0.5269058,0.01771227,0.5276852,0.9674073,0.8721364,0.7428046,0.9381698,0.00200349,0.6183639,0.523787,0.7270673,0.9007423,0.7370738,0.625287,0.228229,0.9242557,0.6848134,0.900548,0.8672485,0.8626975,0.3433611,0.7608133,0.688217,0.7345843,0.01730661,0.6938619,0.8307315,0.02812688,0.9169487,0.9429501,0.9037219,0.8738544,0.01736789,0.9259447,0.080418,0.6285002
"PD57",0.9310896,0.9030734,0.9067715,0.9650203,0.09341682,0.952257,0.1217704,0.7582453,0.9248298,0.8927427,0.8771859,0.2495772,0.9884419,0.04457107,0.8118549,0.9414431,0.3247891,0.8329546,0.7346155,0.6477671,0.01447889,0.7198974,0.9630966,0.8632822,0.7671859,0.8992237,0.004276625,0.6729515,0.4718974,0.7093557,0.8826912,0.8065673,0.6973915,0.2838482,0.8814044,0.7815458,0.8045578,0.8765589,0.897151,0.3710888,0.8749304,0.6888606,0.8719855,0.05478731,0.6948501,0.9256626,0.02229295,0.9441747,0.9261373,0.859958,0.9147157,0.01175072,0.9664123,0.08130623,0.7617236
"PDD20",0.9279384,0.8800252,0.7340594,0.9696375,0.07103095,0.9429944,0.1279084,0.7683417,0.8714208,0.8290388,0.8905492,0.3278359,0.8647517,0.0516961,0.835185,0.9568358,0.3232192,0.7964359,0.8547109,0.5882836,0.02830189,0.588102,0.9595847,0.8632913,0.7178059,0.940768,0.01602803,0.5834205,0.5415261,0.5414639,0.8980448,0.7215472,0.6287247,0.2378428,0.8468956,0.6351056,0.8921961,0.848366,0.9073664,0.4173063,0.8312515,0.6566053,0.7399379,0.02108059,0.6131887,0.7898016,0.0220617,0.9303222,0.9034997,0.8504006,0.8983317,0.02155674,0.9331226,0.08808192,0.692717
"PD34",0.8598268,0.9059966,0.7699079,0.9560664,0.06727318,0.9743253,0.1452202,0.717351,0.8821429,0.8991695,0.8499556,0.2918499,0.8091337,0.04416903,0.8051258,0.9499927,0.2973999,0.8631191,0.7694144,0.4559993,0.01945414,0.476462,0.9680345,0.7991964,0.6956958,0.8754971,0.006490872,0.5271926,0.5016983,0.6648605,0.8628677,0.6820956,0.5179251,0.2077158,0.8796387,0.7614275,0.8445779,0.8434405,0.8653475,0.2384624,0.6844195,0.6871021,0.7553946,0.01325296,0.7048004,0.8081628,0.02691394,0.8711658,0.9194422,0.822041,0.7967652,0.01262455,0.9237561,0.06544287,0.6065749
"CTRL87",0.9478827,0.9124643,0.7321056,0.9761283,0.1198397,0.950663,0.1020525,0.7701319,0.9422845,0.847101,0.9177886,0.3505538,0.9034409,0.03716165,0.8034107,0.8876802,0.2896535,0.9195048,0.9050694,0.5275316,0.01278845,0.4086421,0.9647542,0.8802952,0.7481982,0.9224935,0.005625242,0.4913315,0.543032,0.7385451,0.9201215,0.7398733,0.6022028,0.2188964,0.898048,0.7308805,0.8175601,0.8475352,0.8832212,0.4166167,0.786601,0.6537725,0.7528779,0.01093513,0.6933609,0.8991734,0.01774022,0.9321621,0.9329048,0.8852764,0.9369088,0.009947369,0.9333472,0.08710666,0.6507382
"CTRL47",0.9229405,0.9101194,0.8161486,0.95997,0.07493277,0.9386695,0.09653651,0.731797,0.9023281,0.8767065,0.8351523,0.3758229,0.8645202,0.04030783,0.7318654,0.8890639,0.2853772,0.8310974,0.8241094,0.5179088,0.03214573,0.6323781,0.9676374,0.8014173,0.6997493,0.8970937,0.01330272,0.4899321,0.5380211,0.6445665,0.8944211,0.6814824,0.5406914,0.2215287,0.8942701,0.68644,0.874323,0.8466899,0.8344044,0.2945403,0.7962418,0.6561997,0.7929339,0.02695,0.7028813,0.9030857,0.03228724,0.8979388,0.9305482,0.8760709,0.7635862,0.01556972,0.8846587,0.0930293,0.5974749
